strategy_id,strategy,strategy_short,probability_rank_1,probability_top_3,median_rank,mean_rank,mean_weighted_utility,p05_weighted_utility,p95_weighted_utility
0,Current practice,Current,0.0,0.0,8.0,8.073333333333334,0.23397663755572587,0.18031319572399968,0.2910995201845081
1,Drought-tolerant cultivar,Cultivar,0.0,0.0,4.0,4.002,0.38718776282752454,0.3396444752125714,0.43643566649835674
2,Regulated deficit irrigation,Deficit irrigation,0.0,0.0,6.0,6.053,0.3010796820425685,0.2812652565907818,0.32085169110360257
3,Soil-moisture conservation,Soil conservation,0.0,1.0,3.0,2.9953333333333334,0.6732332409465586,0.6170632697454155,0.7263943389743934
4,Climate-adjusted planting window,Planting shift,0.0,0.0,7.0,6.6963333333333335,0.28297563619852006,0.22623341375717873,0.34369512879382624
5,On-farm water storage,Water storage,0.0,0.0,9.0,8.868,0.16739052243623495,0.12935118771489013,0.20919978618211985
6,Integrated cultivar-irrigation-soil package,Integrated package,0.0,1.0,2.0,2.0046666666666666,0.7782285615314354,0.7292502696749061,0.823705516944835
7,Drainage and harvest coordination,Harvest coordination,0.0,0.0,5.0,5.307333333333333,0.3259179687932844,0.26183233211589513,0.39425044341725013
8,Circular climate-smart production package,Circular package,1.0,1.0,1.0,1.0,0.9527284826607034,0.937679698104451,0.9663970899754802
