strategy_id,strategy,strategy_short,expected_utility,p05_utility,maximum_regret,p90_regret,expected_yield_t_ha,yield_reliability,financial_reliability,joint_reliability,expected_npv_usd_ha,p05_npv_usd_ha,expected_water_productivity,expected_ghg_balance,expected_equity,expected_ecological_pressure,probability_rank_1,probability_top_3,median_rank,mean_rank,mean_weighted_utility,p05_weighted_utility,p95_weighted_utility,robustness_score,robust_rank,pareto_efficient
8,Circular climate-smart production package,Circular package,0.9528021920624774,0.8753464983148495,0.0623209338690236,0.0,78.19324881145072,0.7538888888888888,0.7422222222222222,0.6488888888888888,11527.634895425663,870.0663302258092,7.628773553411474,4.12023610912577,0.6519545039578015,0.3162743399146132,1.0,1.0,1.0,1.0,0.9527284826607034,0.937679698104451,0.9663970899754802,0.9952951317647695,1,True
6,Integrated cultivar-irrigation-soil package,Integrated package,0.7778776540930417,0.7501174734454321,0.2502699892158029,0.23067201320635566,76.43665645439312,0.7216666666666667,0.7472222222222222,0.6305555555555555,11599.293544689483,1057.1521755732906,7.509721893804865,4.667998501918158,0.6325642748335216,0.3757459989503748,0.0,1.0,2.0,2.0046666666666666,0.7782285615314354,0.7292502696749061,0.823705516944835,0.8692201811010393,2,True
3,Soil-moisture conservation,Soil conservation,0.6727474153358509,0.5780992080654453,0.486199279509529,0.3928771339142997,63.697315301108006,0.355,0.7088888888888889,0.33444444444444443,10468.575376378867,414.4942973176795,6.919175405526171,4.509530828571977,0.6524431982524165,0.2614250013883405,0.0,1.0,3.0,2.9953333333333334,0.6732332409465586,0.6170632697454155,0.7263943389743934,0.6582216817401646,3,True
1,Drought-tolerant cultivar,Cultivar,0.38687861451951583,0.30606993347795247,0.7264374638856692,0.6711290579330249,56.18509903639563,0.04888888888888887,0.5744444444444444,0.046666666666666634,8108.840878700929,-603.3754595957474,6.107344377935542,4.549966572691632,0.6085191217821958,0.35069106984691306,0.0,0.0,4.0,4.002,0.38718776282752454,0.3396444752125714,0.43643566649835674,0.22048103695747506,4,False
2,Regulated deficit irrigation,Deficit irrigation,0.300778551193721,0.22872068051141292,0.8111453323350861,0.7535131483139229,62.37120648583672,0.27055555555555555,0.5805555555555555,0.23611111111111116,8230.687339675354,-1178.1124470302868,6.079651685264475,4.895922979090803,0.556108244136178,0.4683905917400256,0.0,0.0,6.0,6.053,0.3010796820425685,0.2812652565907818,0.32085169110360257,0.20580936691943424,5,False
7,Drainage and harvest coordination,Harvest coordination,0.3258687861163306,0.2817021546553254,0.7357986808313065,0.702720439731708,54.46784557247216,0.03500000000000003,0.46777777777777774,0.03222222222222226,6746.949599772419,-2136.256510641427,5.891381577196078,4.456283014781104,0.5999607675682008,0.3096863268518279,0.0,0.0,5.0,5.307333333333333,0.3259179687932844,0.26183233211589513,0.39425044341725013,0.14727237962035578,6,True
4,Climate-adjusted planting window,Planting shift,0.2827442404166223,0.22193666507622434,0.8045389133952956,0.7582804880479173,52.75031266450517,0.011666666666666714,0.49,0.010000000000000009,7120.0138663395455,-1098.4362968807927,5.784526825019731,4.57745127083439,0.6017778099060479,0.35480939840845815,0.0,0.0,7.0,6.6963333333333335,0.28297563619852006,0.22623341375717873,0.34369512879382624,0.12905716686147545,7,False
5,On-farm water storage,Water storage,0.1673325575778879,0.10726595235658866,0.9370517814619564,0.8736526376921422,64.74697549293619,0.39222222222222225,0.5061111111111112,0.31333333333333335,7278.208233893862,-2919.278959023916,6.012243407959546,5.091777604128576,0.5207408257977933,0.591695915248025,0.0,0.0,9.0,8.868,0.16739052243623495,0.12935118771489013,0.20919978618211985,0.09495652173913045,8,False
0,Current practice,Current,0.23365061950079213,0.162531354553919,0.8702844482201713,0.8187086415234028,51.53410573263779,0.011111111111111072,0.49277777777777776,0.010000000000000009,7160.950460774276,-1415.067400656633,5.594555318457925,4.577964309960135,0.5777922369215021,0.37996135755060706,0.0,0.0,8.0,8.073333333333334,0.23397663755572587,0.18031319572399968,0.2910995201845081,0.08110551075156522,9,False
